/*
SQLyog Ultimate v11.24 (32 bit)
MySQL - 8.0.22 : Database - gcuf
*********************************************************************
*/

/*!40101 SET NAMES utf8 */;

/*!40101 SET SQL_MODE=''*/;

/*!40014 SET @OLD_UNIQUE_CHECKS=@@UNIQUE_CHECKS, UNIQUE_CHECKS=0 */;
/*!40014 SET @OLD_FOREIGN_KEY_CHECKS=@@FOREIGN_KEY_CHECKS, FOREIGN_KEY_CHECKS=0 */;
/*!40101 SET @OLD_SQL_MODE=@@SQL_MODE, SQL_MODE='NO_AUTO_VALUE_ON_ZERO' */;
/*!40111 SET @OLD_SQL_NOTES=@@SQL_NOTES, SQL_NOTES=0 */;
CREATE DATABASE /*!32312 IF NOT EXISTS*/`gcuf` /*!40100 DEFAULT CHARACTER SET utf8 COLLATE utf8_bin */ /*!80016 DEFAULT ENCRYPTION='N' */;

USE `gcuf`;

/*Table structure for table `business` */

DROP TABLE IF EXISTS `business`;

CREATE TABLE `business` (
  `id` int NOT NULL AUTO_INCREMENT,
  `boss_id` varchar(50) CHARACTER SET utf8 COLLATE utf8_bin DEFAULT NULL,
  `stall_id` int DEFAULT NULL,
  PRIMARY KEY (`id`)
) ENGINE=InnoDB AUTO_INCREMENT=7 DEFAULT CHARSET=utf8 COLLATE=utf8_bin;

/*Data for the table `business` */

insert  into `business`(`id`,`boss_id`,`stall_id`) values (4,'oViH_4yN8JbzXWh6aCbtG0TMGNsk',8),(5,'oViH_4yN8JbzXWh6aCbtG0TMGNsk',8),(6,'oViH_4yN8JbzXWh6aCbtG0TMGNsk',8);

/*Table structure for table `food` */

DROP TABLE IF EXISTS `food`;

CREATE TABLE `food` (
  `id` int NOT NULL AUTO_INCREMENT,
  `stall` int DEFAULT NULL,
  `name` varchar(90) DEFAULT NULL,
  `type` varchar(30) DEFAULT NULL,
  `price` double DEFAULT NULL,
  `num` int DEFAULT NULL,
  `introduce` varchar(765) DEFAULT NULL,
  `picture` varchar(765) DEFAULT NULL,
  PRIMARY KEY (`id`)
) ENGINE=InnoDB AUTO_INCREMENT=501 DEFAULT CHARSET=utf8;

/*Data for the table `food` */

insert  into `food`(`id`,`stall`,`name`,`type`,`price`,`num`,`introduce`,`picture`) values (1,2,'鸡蛋瘦肉肠粉','肠粉系列',8.29,0,'门店销量第一名','http://p.ananas.chaoxing.com/star3/origin/ccd93c904a5f81b1c4008cc03ec7ce32.jpg?rw=640&rh=348&_fileSize=26456&_orientation=1'),(2,2,'双蛋肠粉','肠粉系列',7.49,0,'花都销量肠粉热销第三名','http://p.ananas.chaoxing.com/star3/origin/e53849eee821de0f9732e0c1cdf24053.jpg?rw=650&rh=457&_fileSize=19632&_orientation=1'),(3,2,'皮蛋瘦肉粥','生滚粥系列',5.49,NULL,'门店销量第三名','http://p.ananas.chaoxing.com/star3/origin/bb15e7b1db4170433e1f0d7edf0d8bf6.jpg?rw=640&rh=426&_fileSize=33566&_orientation=1'),(4,2,'菜干闲骨粥','生滚粥系列',5.49,NULL,'不错，味道好极了','http://p.ananas.chaoxing.com/star3/origin/9a15ac5d842a7c9a38847835060aec23.jpg?rw=500&rh=313&_fileSize=23843&_orientation=1'),(5,2,'八宝粥','生滚粥系列',4.97,NULL,'八宝粥好吃，分量十足','http://p.ananas.chaoxing.com/star3/origin/666b0551ea6e59b48557a84145d76b60.jpg?rw=650&rh=651&_fileSize=43387&_orientation=1'),(6,1,'铁板烧汁肥牛饭','铁板系列',13.5,NULL,'铁板肥牛饭，够肥！','http://p.ananas.chaoxing.com/star3/1000_541Q50/467fd3537c7c8318d46f04d3980f25e2.jpg?rw=1920&rh=1040&_fileSize=273976&_orientation=1'),(7,1,'铁板烧汁鸡排饭','铁板系列',11.5,NULL,'铁板鸡排饭，够铁！','http://p.ananas.chaoxing.com/star3/origin/f580e70894f28cc7b626a6f2b32b9996.jpg?rw=670&rh=447&_fileSize=65001&_orientation=1'),(8,1,'三色铁板饭','铁板系列',10,NULL,'三色铁板饭，好吃又好看！','http://p.ananas.chaoxing.com/star3/origin/b3076ac5aab68b88d0fa67c525a01217.jpg?rw=490&rh=490&_fileSize=72995&_orientation=1'),(9,1,'溜肥肠木桶饭','木桶饭系列',15,NULL,'肥肠很肥，饭更香','http://p.ananas.chaoxing.com/star3/origin/b4ff79da6f20c03e91ac2d4d28423514.jpg?rw=650&rh=500&_fileSize=50485&_orientation=1'),(10,1,'红烧鸡肉木桶饭','木桶饭系列',12,NULL,'不止红烧排骨好吃，红烧鸡肉味更佳','http://p.ananas.chaoxing.com/star3/origin/0f784dedc277a6d37fc655a6f7e3bae4.jpg?rw=340&rh=215&_fileSize=16739&_orientation=1'),(11,1,'四川酸辣粉','酸辣粉系列',12,NULL,'正宗四川酸辣粉，好吃不上火','http://p.ananas.chaoxing.com/star3/1000_651Q50/b711989fca68b36892e58cebf61a9b07.jpg?rw=1200&rh=782&_fileSize=175748&_orientation=1'),(12,1,'天地一号','饮料',4.5,NULL,'好喝','http://p.ananas.chaoxing.com/star3/origin/23f7a7be7558f5ffb46e6f46807983c6.jpg?rw=750&rh=499&_fileSize=56414&_orientation=1'),(16,1,'可乐','饮料',2.5,NULL,'不错','http://p.ananas.chaoxing.com/star3/origin/65c3542f86e3fc9932324a737e6b052a.jpg?rw=500&rh=501&_fileSize=22937&_orientation=1'),(17,1,'雪碧','饮料',2.5,NULL,'很爽','http://p.ananas.chaoxing.com/star3/origin/b171be85671b3ee890c762c2e1832a0a.jpg?rw=500&rh=500&_fileSize=29418&_orientation=1'),(18,3,'西冷牛排','牛排系列',49,NULL,'肉质紧实，鲜嫩多汁','http://p.ananas.chaoxing.com/star3/origin/d22f172a9d805d6ec797bc8adedb3537.jpg?rw=500&rh=349&_fileSize=39798&_orientation=1'),(19,3,'菲力牛排','牛排系列',45,NULL,'精选牛里脊，值得一试','http://p.ananas.chaoxing.com/star3/1000_683Q50/6a4c860bbda6873fff4ee5618073df57.jpg?rw=1034&rh=707&_fileSize=129067&_orientation=1'),(20,3,'排骨玉米汤','汤系列',21,NULL,'简单的食材，高端的档次','http://p.ananas.chaoxing.com/star3/origin/62971e9426577a154c52babb165d22e2.jpg?rw=600&rh=600&_fileSize=37283&_orientation=1'),(21,3,'蜜汁豆花','甜品系列',6,NULL,'赛牛不止牛，还有豆花','http://p.ananas.chaoxing.com/star3/origin/ff9fd0b1ec2d868c19e81f480e6210c9.jpg?rw=600&rh=600&_fileSize=35618&_orientation=1'),(22,3,'路易法威士2005干红葡萄酒','酒水系列',899,NULL,'好酒','http://p.ananas.chaoxing.com/star3/origin/dc1a44a9fe80fb9fae7416800d0999a8.jpg?rw=600&rh=800&_fileSize=21228&_orientation=1'),(23,4,'鸳鸯锅','火锅系列',39,NULL,'麻辣清汤双重体验','http://p.ananas.chaoxing.com/star3/origin/f3481093ac0d028cc86bac5f8b922871.jpg?rw=720&rh=720&_fileSize=81854&_orientation=1'),(24,4,'地狱熔岩火锅','火锅系列',35,NULL,'顶级辣度，怕辣勿点','http://p.ananas.chaoxing.com/star3/1000_583Q50/9c933fb08c3409532c50af1e6c4cf871.jpg?rw=1024&rh=597&_fileSize=105148&_orientation=1'),(25,4,'养生汤锅','火锅系列',35,NULL,'吃个火锅都养生，盘他','http://p.ananas.chaoxing.com/star3/origin/b30aac788cf8278c37f5568730ef4eb8.jpg?rw=500&rh=333&_fileSize=31344&_orientation=1'),(26,4,'肥牛卷','加料区',10,NULL,'经典肥牛','http://p.ananas.chaoxing.com/star3/origin/8e4906db3fbafccde46d5a7fb95f8756.jpg?rw=350&rh=350&_fileSize=15702&_orientation=1'),(27,4,'玉米','加料区',4,NULL,'农家玉米，健康','http://p.ananas.chaoxing.com/star3/origin/0c050aea644faeccb07892c341797210.jpg?rw=505&rh=355&_fileSize=20635&_orientation=1'),(28,4,'面筋','加料区',3,NULL,'好','http://p.ananas.chaoxing.com/star3/origin/d7faab9c7faf086d22562b60b6e8cb64.jpg?rw=500&rh=332&_fileSize=39322&_orientation=1'),(29,4,'可乐','饮料',3.5,NULL,'冰爽','http://p.ananas.chaoxing.com/star3/origin/65c3542f86e3fc9932324a737e6b052a.jpg?rw=500&rh=501&_fileSize=22937&_orientation=1'),(30,4,'雪碧','饮料',3.5,NULL,'冰爽','http://p.ananas.chaoxing.com/star3/origin/b171be85671b3ee890c762c2e1832a0a.jpg?rw=500&rh=500&_fileSize=29418&_orientation=1'),(31,5,'蒸·鲜肉韭菜包','肉包系列',3,NULL,'一口下去，极致满足','http://p.ananas.chaoxing.com/star3/origin/8c4a9fe78bcae6218eed61933b33d507.jpg?rw=500&rh=500&_fileSize=27756&_orientation=1'),(32,5,'蒸·香菇菜包','菜包系列',2,NULL,'菜包也有满足感','http://p.ananas.chaoxing.com/star3/origin/4be4a5b91fdce6129e05b1b8e9d2e8f5.jpg?rw=300&rh=300&_fileSize=14851&_orientation=1'),(33,5,'蒸·蟹粉汤包','汤包系列',4.5,NULL,'比正宗汤包还正宗','http://p.ananas.chaoxing.com/star3/origin/2055457488716106bdb801500558137f.jpg?rw=500&rh=334&_fileSize=18693&_orientation=1'),(34,5,'蒸·玉米鲜肉饺','蒸饺系列',5,NULL,'一笼不够，再来一笼','http://p.ananas.chaoxing.com/star3/origin/21d9e53152279a7537b1dbbd826cb5da.jpg?rw=379&rh=223&_fileSize=26131&_orientation=1'),(35,5,'蒸·豉汁凤爪','早茶系列',10,NULL,'原汁原味，唇齿留香','http://p.ananas.chaoxing.com/star3/origin/2b815d59a70d153454109e365ace2249.jpg?rw=413&rh=280&_fileSize=23817&_orientation=1'),(36,5,'蒸·烧麦','早茶系列',8,NULL,'不解释，直接开吃','http://p.ananas.chaoxing.com/star3/origin/ef6d21fdb65eba519b0b1bda64a1eef4.jpg?rw=454&rh=316&_fileSize=23444&_orientation=1'),(37,5,'蒸·糯米鸡','早茶系列',7,NULL,'一口下去全是鸡，不信就来试试','http://p.ananas.chaoxing.com/star3/1000_714Q50/c0fdaac5e90e5ee4ddabba480018a33a.jpg?rw=1039&rh=742&_fileSize=134901&_orientation=1'),(38,6,'小龙虾汉堡','主食系列',29,NULL,'吮指十三鲜小龙虾，你值得拥有','http://p.ananas.chaoxing.com/star3/origin/44927eb6727819aafe8f73e5a2693b2b.jpg?rw=544&rh=667&_fileSize=53615&_orientation=1'),(39,6,'双层香烤鸡排帕尼尼','主食系列',15,NULL,'好，好，好','http://p.ananas.chaoxing.com/star3/origin/31fb9068e417e3576e5c3556733347e8.jpg?rw=400&rh=300&_fileSize=20436&_orientation=1'),(40,6,'薯条','配餐系列',8,NULL,'外酥里嫩，与番茄酱更配哦','http://p.ananas.chaoxing.com/star3/origin/14542568fb302b75914eb291ba9ef408.jpg?rw=500&rh=500&_fileSize=37564&_orientation=1'),(41,6,'油泼辣子脆皮鸡','炸鸡系列',11,NULL,'47道工序秘制，你值得一试','http://p.ananas.chaoxing.com/star3/origin/178a0d89c47d66ee575dd648a6a7b4a8.jpg?rw=400&rh=400&_fileSize=30171&_orientation=1'),(42,6,'小食拼盘','小食系列',25,NULL,'小小食光，多人分享','http://p.ananas.chaoxing.com/star3/origin/08faa4e69727a704c75ffdd10bda7514.jpg?rw=440&rh=372&_fileSize=17434&_orientation=1'),(43,6,'超值全家桶','桶系列',59,NULL,'超值选购，全家分享','http://p.ananas.chaoxing.com/star3/origin/6a7942d5e9e73b773bcd41d4efdae05b.jpg?rw=290&rh=275&_fileSize=28481&_orientation=1'),(44,6,'嫩牛五方','主食系列',18,NULL,'精选进口和牛，每一口都是大满足','http://p.ananas.chaoxing.com/star3/origin/fa01cc36784e3e150953f441cbed85d4.jpg?rw=400&rh=300&_fileSize=29570&_orientation=1'),(45,6,'老北京香辣鸭肉卷','主食系列',16.5,NULL,'香辣爽口，好','http://p.ananas.chaoxing.com/star3/origin/2a0e1963772eeed053cf814d1d2481e0.jpg?rw=400&rh=300&_fileSize=20542&_orientation=1'),(53,8,'砂锅土豆粉','煲仔系列',22,NULL,'好砂锅做出好味道','http://p.ananas.chaoxing.com/star3/origin/a82d5de3a2008a93204efcfcadd8471a.jpg?rw=500&rh=334&_fileSize=50203&_orientation=1'),(54,8,'腐竹肥肠煲','煲仔系列',32,NULL,'好砂锅做出好味道','http://p.ananas.chaoxing.com/star3/origin/d38fd34e61bab399d17d6f4b8ad29ad8.jpg?rw=951&rh=648&_fileSize=169275&_orientation=1'),(55,8,'肉末茄子煲','煲仔系列',28,NULL,'好砂锅做出好味道','http://p.ananas.chaoxing.com/star3/origin/4e9aecb486da37d10235feb3bb2e2f2a.jpg?rw=588&rh=426&_fileSize=65257&_orientation=1'),(56,8,'拔丝地瓜','小吃系列',28,NULL,'经典小吃，让你流连忘返','http://p.ananas.chaoxing.com/star3/origin/e0e856876082cfed1d1fd3a34ab08b64.jpg?rw=500&rh=323&_fileSize=24917&_orientation=1'),(57,8,'糯米糖藕','小吃系列',22,NULL,'经典小吃，让你流连忘返','http://p.ananas.chaoxing.com/star3/origin/6bd59323d35f6bbd583d43b40b772962.jpg?rw=702&rh=490&_fileSize=37490&_orientation=1'),(58,8,'家乡糍粑','下次系列',18,NULL,'经典小吃，让你流连忘返','http://p.ananas.chaoxing.com/star3/origin/0003235132392d27653d9bd2d4c09873.jpg?rw=500&rh=333&_fileSize=21647&_orientation=1'),(59,8,'小米南瓜粥','面食',20,NULL,'简单的食材吃出非凡的味道','http://p.ananas.chaoxing.com/star3/origin/c94e5e53bafe5c22b7e301ba55ad9647.jpg?rw=600&rh=443&_fileSize=25483&_orientation=1'),(60,8,'炸酱面','面食',10,NULL,'秘制炸酱，完美','http://p.ananas.chaoxing.com/star3/origin/3e361ae5a22eaaac5e44845f006719bc.jpg?rw=666&rh=500&_fileSize=78183&_orientation=1'),(61,9,'牛油火锅','锅底类',98,NULL,'牛油纯度百分之99','http://p.ananas.chaoxing.com/star3/origin/7ab26ac3939523e2a607d9845fcd7361.jpg?rw=469&rh=289&_fileSize=43050&_orientation=1'),(62,9,'三鲜火锅','锅底类',50,NULL,'三鲜可不止是三鲜','http://p.ananas.chaoxing.com/star3/origin/2463a2a12d3b7cdd1f81bd55fba42b09.jpg?rw=500&rh=333&_fileSize=44638&_orientation=1'),(63,9,'菌汤火锅','锅底类',59,NULL,'鲜美养生锅，女士的绝佳选择','http://p.ananas.chaoxing.com/star3/origin/b30aac788cf8278c37f5568730ef4eb8.jpg?rw=500&rh=333&_fileSize=31344&_orientation=1'),(64,9,'西式牛肉滑','丸滑类',42,NULL,'真材实料看得见','http://p.ananas.chaoxing.com/star3/origin/3dd2086c424c78ba6625774b64c73407.jpg?rw=413&rh=333&_fileSize=17082&_orientation=1'),(65,9,'虾滑','丸滑类',46,NULL,'真材实料看得见','http://p.ananas.chaoxing.com/star3/origin/01cae285d922c6758c1311dde44cc43b.jpg?rw=800&rh=800&_fileSize=79168&_orientation=1'),(66,9,'澳洲雪花','牛羊肉类',108,NULL,'每一口都是大满足','http://p.ananas.chaoxing.com/star3/origin/3d6ea8162c8d8c706e10203a93a44122.jpg?rw=500&rh=333&_fileSize=42099&_orientation=1'),(67,9,'澳洲肥牛','牛羊肉类',68,NULL,'每一口都是大满足','http://p.ananas.chaoxing.com/star3/1000_666Q50/da25cb69026354d7e10b01538a61b2e2.jpg?rw=1080&rh=720&_fileSize=92725&_orientation=1'),(68,9,'内蒙羔羊肉（卷）','牛羊肉类',36,NULL,'每一口都是大满足','http://p.ananas.chaoxing.com/star3/origin/3acee71361078f9f5126ab8e55d34f5c.jpg?rw=400&rh=400&_fileSize=54246&_orientation=1'),(69,9,'羊上脑（卷）','牛羊肉类',56,NULL,'每一口都是大满足','http://p.ananas.chaoxing.com/star3/origin/32d2fd59147b02bc24649491de08cd0b.jpg?rw=580&rh=580&_fileSize=32287&_orientation=1'),(70,9,'血旺','配菜类',16,NULL,'经典火锅菜，强力推荐','http://p.ananas.chaoxing.com/star3/origin/b4ddfe75cbd3681829b4cb4b5c920b29.jpg?rw=700&rh=601&_fileSize=90276&_orientation=1'),(71,9,'鸭舌','配菜类',40,NULL,'经典火锅菜，强力推荐','http://p.ananas.chaoxing.com/star3/origin/c9ecb2d938bf5c0d3a409cadbfc29c2f.jpg?rw=640&rh=480&_fileSize=36492&_orientation=1'),(72,9,'面筋','配菜类',18,NULL,'经典火锅菜','http://p.ananas.chaoxing.com/star3/origin/d7faab9c7faf086d22562b60b6e8cb64.jpg?rw=500&rh=332&_fileSize=39322&_orientation=1'),(73,9,'甜玉米','配菜类',12,NULL,'经典火锅菜，强力推荐','http://p.ananas.chaoxing.com/star3/origin/0c050aea644faeccb07892c341797210.jpg?rw=505&rh=355&_fileSize=20635&_orientation=1'),(74,9,'生菜','配菜类',12,NULL,'经典火锅菜，辣锅必点','http://p.ananas.chaoxing.com/star3/origin/d6c9797fcdd64d58cee4528d81d76c53.jpg?rw=479&rh=320&_fileSize=27865&_orientation=1'),(75,9,'可乐','酒水类',5,NULL,'饮料与火锅更配哦','http://p.ananas.chaoxing.com/star3/origin/65c3542f86e3fc9932324a737e6b052a.jpg?rw=500&rh=501&_fileSize=22937&_orientation=1'),(76,9,'雪碧','酒水类',5,NULL,'饮料与火锅更配哦','http://p.ananas.chaoxing.com/star3/origin/b171be85671b3ee890c762c2e1832a0a.jpg?rw=500&rh=500&_fileSize=29418&_orientation=1'),(77,9,'茅台干红葡萄酒','酒水类',99,NULL,'给生活加点情趣','http://p.ananas.chaoxing.com/star3/origin/9e091724e1e6bbbd0c94e410605f125f.jpg?rw=580&rh=580&_fileSize=12194&_orientation=1'),(78,9,'路易法威士2005干红葡萄酒','酒水类',128,NULL,'给生活加点情趣','http://p.ananas.chaoxing.com/star3/origin/dc1a44a9fe80fb9fae7416800d0999a8.jpg?rw=600&rh=800&_fileSize=21228&_orientation=1'),(79,10,'鲜芒奶黄比萨（10寸薄底）','比萨系列',29,NULL,'热销推荐','http://p.ananas.chaoxing.com/star3/origin/0d27e7d9ad46f4a06e4b3a4bc6fe949b.jpg?rw=653&rh=484&_fileSize=109983&_orientation=1'),(80,10,'榴莲手工比萨（10寸薄底）','比萨系列',36,NULL,'榴莲与比萨的碰撞，绝配','http://p.ananas.chaoxing.com/star3/origin/2dd637a4ec315b72379aeefd55d8e2c0.jpg?rw=500&rh=334&_fileSize=25959&_orientation=1'),(81,10,'孜然鸡肉手工比萨（10寸薄底）','比萨系列',28,NULL,'肉香十足，美味持续','http://p.ananas.chaoxing.com/star3/origin/1d70a2297f0d4055588ba0596b9d2773.jpg?rw=483&rh=334&_fileSize=56974&_orientation=1'),(82,10,'鲜菇肥牛饭','饭食类',22,NULL,'味道很赞','http://p.ananas.chaoxing.com/star3/origin/6869b13e5f071f2fafec12da3780488b.jpg?rw=700&rh=525&_fileSize=62911&_orientation=1'),(83,10,'芝士鲜菌鸡扒烤饭','饭食类',20,NULL,'味道很正宗','http://p.ananas.chaoxing.com/star3/origin/b0218519dce9a2b372741e350de37304.jpg?rw=700&rh=524&_fileSize=63633&_orientation=1'),(84,10,'鲍汁海鲜饭','饭食类',20,NULL,'又香又鲜又享受','http://p.ananas.chaoxing.com/star3/origin/51db8321ec6aaccea92ab60676b4aded.jpg?rw=700&rh=603&_fileSize=71657&_orientation=1'),(85,10,'地中海风味肉酱意面','面类',14,NULL,'门店销量第一名','http://p.ananas.chaoxing.com/star3/origin/69b85b4811a6210b091e5b7301ac033e.jpg?rw=500&rh=500&_fileSize=29045&_orientation=1'),(86,10,'酸汤肥牛金边粉','面类',20,NULL,'这酸爽，才正宗','http://p.ananas.chaoxing.com/star3/origin/e0efb94da11dad4e1a4db2b7adbb070b.jpg?rw=600&rh=600&_fileSize=54863&_orientation=1'),(87,10,'XO酱鲜蔬鸡肉意面','面类',19,NULL,'有多好？吃了才知道','http://p.ananas.chaoxing.com/star3/origin/cf765574f4e992abf13939923507224d.jpg?rw=358&rh=346&_fileSize=31242&_orientation=1'),(88,10,'奥尔良鸡伴牛排','扒餐',39,NULL,'有多好？吃了才知道','http://p.ananas.chaoxing.com/star3/origin/4492615a9621b6599ac701024d3f0ec3.jpg?rw=700&rh=524&_fileSize=51849&_orientation=1'),(89,10,'肠仔薯角鸡排','扒餐',22,NULL,'有多好？吃了才知道','http://p.ananas.chaoxing.com/star3/origin/95fd9fb631f471994b15e55daf7054e1.jpg?rw=560&rh=254&_fileSize=38270&_orientation=1'),(90,10,'原味烤鱿鱼','小吃类',22,NULL,'有多好？吃了才知道','http://p.ananas.chaoxing.com/star3/origin/5ddd3ce07d7d1a6ea2cbdbda8d0722e3.jpg?rw=640&rh=394&_fileSize=36587&_orientation=1'),(91,10,'孜然烤鸡翅','小吃类',19,NULL,'有多好？吃了才知道','http://p.ananas.chaoxing.com/star3/origin/e6094857f607b5bfb5f5f3edf3b1df85.jpg?rw=700&rh=525&_fileSize=58937&_orientation=1'),(92,10,'海带丝','小吃类',7,NULL,'有多好？吃了才知道','http://p.ananas.chaoxing.com/star3/origin/1c8300595599c85299c14fc906124fbb.jpg?rw=750&rh=375&_fileSize=52895&_orientation=1'),(93,10,'杨枝甘露','饮品',15,NULL,'好喝','http://p.ananas.chaoxing.com/star3/1000_925Q50/968b8d396c1879a38ed866d983f0989c.jpg?rw=2178&rh=2016&_fileSize=805724&_orientation=1'),(94,10,'青桔柠檬','饮品',11,NULL,'好喝','http://p.ananas.chaoxing.com/star3/origin/82adf15b71401687312b828c2c84d10e.jpg?rw=500&rh=333&_fileSize=21795&_orientation=1'),(95,11,'胖姥姥红烧肉','特色类',20,NULL,'高颜值必点，根本停不下来','http://p.ananas.chaoxing.com/star3/origin/2329cb42bcc048050831d1ab57ea6897.jpg?rw=700&rh=700&_fileSize=70893&_orientation=1'),(96,11,'胖姥姥麻婆豆腐','特色类',10,NULL,'高颜值必点，根本停不下来','http://p.ananas.chaoxing.com/star3/origin/9c1f7198f815c6c5b21e9a7b6fe027bd.jpg?rw=700&rh=700&_fileSize=85716&_orientation=1'),(97,11,'酸菜龙利鱼','特色菜',29,NULL,'高颜值必点，根本停不下来','http://p.ananas.chaoxing.com/star3/origin/100d1b5a931f3a6f2c1ddf855fabfdf6.jpg?rw=500&rh=375&_fileSize=36119&_orientation=1'),(98,11,'紫菜海蛎煲','石锅系列',19,NULL,'幸福就是吃到你','http://p.ananas.chaoxing.com/star3/origin/cf5fe359a5002baa2574fe066ca375d5.jpg?rw=500&rh=375&_fileSize=45985&_orientation=1'),(99,11,'石锅牛肉','石锅系列',39,NULL,'幸福就是吃到你','http://p.ananas.chaoxing.com/star3/origin/8370a9434562f22efd20363a2888e5e4.jpg?rw=600&rh=900&_fileSize=94937&_orientation=1'),(100,11,'铁板鱿鱼','铁板系列',32,NULL,'幸福就是吃到你','http://p.ananas.chaoxing.com/star3/origin/dc6c511458bba74528ac6d8a588d70e1.jpg?rw=935&rh=575&_fileSize=118852&_orientation=1'),(101,11,'铁板牛肉','铁板系列',32,NULL,'幸福就是吃到你','http://p.ananas.chaoxing.com/star3/origin/ba020ea56e33ce188485ce04c6309eb1.jpg?rw=500&rh=500&_fileSize=47914&_orientation=1'),(102,11,'干锅包菜','热菜',15,NULL,'怎么吃都美味的热菜君','http://p.ananas.chaoxing.com/star3/origin/fe9072dd2a1aa7eea39fe3c06891d2bc.jpg?rw=423&rh=300&_fileSize=22864&_orientation=1'),(103,11,'泡椒田鸡王','热菜',48,NULL,'怎么吃都美味的热菜君','http://p.ananas.chaoxing.com/star3/origin/cd323de434487fe891a338369eec0f1f.jpg?rw=870&rh=580&_fileSize=40614&_orientation=1'),(104,11,'新派毛血旺','热菜',36,NULL,'怎么吃都美味的热菜君','http://p.ananas.chaoxing.com/star3/origin/399230ac2e86501a2480867ae2ea59bc.jpg?rw=500&rh=375&_fileSize=50847&_orientation=1'),(105,11,'可乐','酒水类',3,NULL,'经典饮品','http://p.ananas.chaoxing.com/star3/origin/65c3542f86e3fc9932324a737e6b052a.jpg?rw=500&rh=501&_fileSize=22937&_orientation=1'),(106,11,'雪碧','酒水类',3,NULL,'经典饮品','http://p.ananas.chaoxing.com/star3/origin/b171be85671b3ee890c762c2e1832a0a.jpg?rw=500&rh=500&_fileSize=29418&_orientation=1'),(107,11,'江小白','酒水类',18,NULL,'经典饮品','http://p.ananas.chaoxing.com/star3/origin/3baf04d38c2d8e1af8e1ae2d0cb999f4.jpg?rw=600&rh=600&_fileSize=246276&_orientation=1'),(108,12,'麻辣锅底','锅底',20,NULL,'好火锅都有个好锅底','http://p.ananas.chaoxing.com/star3/origin/e5f14964724123922a682e29fb8eb1b7.jpg?rw=700&rh=525&_fileSize=85722&_orientation=1'),(109,12,'清汤锅底','锅底',18,NULL,'好火锅都有个好锅底','http://p.ananas.chaoxing.com/star3/origin/96c46f9c4f10e68f5d9b0ab0a37c400c.jpg?rw=500&rh=374&_fileSize=37899&_orientation=1'),(110,12,'肥牛','肉类',28,NULL,'好火锅都有一份好肉','http://p.ananas.chaoxing.com/star3/origin/8e4906db3fbafccde46d5a7fb95f8756.jpg?rw=350&rh=350&_fileSize=15702&_orientation=1'),(111,12,'肥羊','肉类',28,NULL,'好火锅都有一份好肉','http://p.ananas.chaoxing.com/star3/origin/3acee71361078f9f5126ab8e55d34f5c.jpg?rw=400&rh=400&_fileSize=54246&_orientation=1'),(112,12,'面筋','肉类',18,NULL,'好火锅都有一份好肉','http://p.ananas.chaoxing.com/star3/origin/d7faab9c7faf086d22562b60b6e8cb64.jpg?rw=500&rh=332&_fileSize=39322&_orientation=1'),(113,12,'牛百叶','肉类',28,NULL,'好火锅都有一份好肉','http://p.ananas.chaoxing.com/star3/origin/1a0b9164b422669e8a229125e9303937.jpg?rw=500&rh=358&_fileSize=23833&_orientation=1'),(114,12,'贡丸','肉类',25,NULL,'好火锅都有一份好肉','http://p.ananas.chaoxing.com/star3/origin/fac1b14fd239dab6234412225e503954.jpg?rw=516&rh=300&_fileSize=18798&_orientation=1'),(115,12,'甜玉米','素菜类',15,NULL,'好火锅都有一份好蔬菜','http://p.ananas.chaoxing.com/star3/origin/0c050aea644faeccb07892c341797210.jpg?rw=505&rh=355&_fileSize=20635&_orientation=1'),(116,12,'金针菇','素菜类',18,NULL,'好火锅都有一份好蔬菜','http://p.ananas.chaoxing.com/star3/origin/43962dec8ad4572e24d17534f52456fc.jpg?rw=500&rh=375&_fileSize=27259&_orientation=1'),(117,12,'野生竹鸡','野味类',78,NULL,'好火锅都有一份好野味','http://p.ananas.chaoxing.com/star3/1000_560Q50/793f65815216912bc53b5d0878e3f9f2.jpg?rw=1280&rh=717&_fileSize=93148&_orientation=1'),(118,12,'野生花鸽','野味类',58,NULL,'好火锅都有一份好野味','http://p.ananas.chaoxing.com/star3/1000_661Q50/c7e051efdbf9d05a9b6b2880c9df67ad.jpg?rw=1080&rh=714&_fileSize=71465&_orientation=1'),(119,13,'鸡鸡蛙蛙锅','火锅类',88,NULL,'每日限量','http://p.ananas.chaoxing.com/star3/origin/a419a6f8d7a89cfcc0378762796e5e70.jpg?rw=629&rh=460&_fileSize=80242&_orientation=1'),(120,13,'特色锅中锅','火锅类',59,NULL,'神经病啊？这是我的特色','http://p.ananas.chaoxing.com/star3/origin/b3a1e9dcd1c25870603c22b0ea9a1df8.jpg?rw=700&rh=525&_fileSize=71980&_orientation=1'),(121,13,'秘制鸡肉签','串串类',1.9,NULL,'十二道谦味，三二一走起','http://p.ananas.chaoxing.com/star3/origin/a99b728dd8e5b9115215d0f0faa01e56.jpg?rw=800&rh=450&_fileSize=46490&_orientation=1'),(122,13,'秘制牛肉签','串串类',2.9,NULL,'十二道谦味，三二一走起','http://p.ananas.chaoxing.com/star3/origin/d3f963d11f43aae8d2ba8cbf9eb41b3d.jpg?rw=500&rh=333&_fileSize=32523&_orientation=1'),(123,13,'串串虾','串串类',5.9,NULL,'十二道谦味，三二一走起','http://p.ananas.chaoxing.com/star3/origin/0843451e7d1f49ef3a05c3ee8a7a96e1.jpg?rw=480&rh=320&_fileSize=24773&_orientation=1'),(124,13,'招牌雪花肥牛','牛羊肉类',88,NULL,'肉食主义最爱','http://p.ananas.chaoxing.com/star3/origin/3d6ea8162c8d8c706e10203a93a44122.jpg?rw=500&rh=333&_fileSize=42099&_orientation=1'),(125,13,'肥牛金针菇串','串串类',2.9,NULL,'十二道谦味，三二一走起','http://p.ananas.chaoxing.com/star3/origin/8670a3a3582c7227020e1eb0f999a965.jpg?rw=480&rh=322&_fileSize=51418&_orientation=1'),(126,13,'精选羔羊卷','牛羊肉类',42,NULL,'肉食主义最爱','http://p.ananas.chaoxing.com/star3/origin/3acee71361078f9f5126ab8e55d34f5c.jpg?rw=400&rh=400&_fileSize=54246&_orientation=1'),(127,13,'澳洲上脑','牛羊肉类',69,NULL,'肉食主义最爱','http://p.ananas.chaoxing.com/star3/origin/2a51c6298dae7aa29b012a812f2d833b.jpg?rw=700&rh=525&_fileSize=58984&_orientation=1'),(128,13,'甜玉米','蔬菜类',8,NULL,'上上签蔬菜','http://p.ananas.chaoxing.com/star3/origin/0c050aea644faeccb07892c341797210.jpg?rw=505&rh=355&_fileSize=20635&_orientation=1'),(129,13,'金针菇','蔬菜类',12,NULL,'上上签蔬菜','http://p.ananas.chaoxing.com/star3/origin/43962dec8ad4572e24d17534f52456fc.jpg?rw=500&rh=375&_fileSize=27259&_orientation=1'),(500,0,'2','3',5,6,'4','5');

/*Table structure for table `order` */

DROP TABLE IF EXISTS `order`;

CREATE TABLE `order` (
  `o_id` int NOT NULL AUTO_INCREMENT,
  `number` int DEFAULT NULL,
  `stall` int DEFAULT NULL,
  `id` int DEFAULT NULL,
  `p_id` varchar(150) COLLATE utf8_bin DEFAULT NULL,
  `price` double DEFAULT NULL,
  `num` int DEFAULT NULL,
  `total` double DEFAULT NULL,
  `state` int DEFAULT NULL,
  `book_time` varchar(135) COLLATE utf8_bin DEFAULT NULL,
  `get_time` varchar(135) COLLATE utf8_bin DEFAULT NULL,
  PRIMARY KEY (`o_id`)
) ENGINE=InnoDB AUTO_INCREMENT=44 DEFAULT CHARSET=utf8 COLLATE=utf8_bin;

/*Data for the table `order` */

insert  into `order`(`o_id`,`number`,`stall`,`id`,`p_id`,`price`,`num`,`total`,`state`,`book_time`,`get_time`) values (38,1000,NULL,NULL,NULL,NULL,NULL,NULL,NULL,NULL,NULL),(42,1001,8,53,'oViH_47SNIoU3YSjb6AOoil-QGuc',22,1,22,2,'2021-06-24 15:58:59','2021-06-24 15:58:59'),(43,1001,8,54,'oViH_47SNIoU3YSjb6AOoil-QGuc',32,1,32,2,'2021-06-24 15:58:59','2021-06-24 15:58:59');

/*Table structure for table `stall` */

DROP TABLE IF EXISTS `stall`;

CREATE TABLE `stall` (
  `s_id` int NOT NULL AUTO_INCREMENT,
  `s_name` varchar(60) DEFAULT NULL,
  `s_place` int DEFAULT NULL,
  `s_search` varchar(150) DEFAULT NULL,
  `s_boss` char(30) DEFAULT NULL,
  `s_phone` char(45) DEFAULT NULL,
  `s_consume` double DEFAULT NULL,
  `s_introduce` varchar(765) DEFAULT NULL,
  `s_picture` varchar(765) DEFAULT NULL,
  `s_time` varchar(300) DEFAULT NULL,
  PRIMARY KEY (`s_id`)
) ENGINE=InnoDB DEFAULT CHARSET=utf8;

/*Data for the table `stall` */

insert  into `stall`(`s_id`,`s_name`,`s_place`,`s_search`,`s_boss`,`s_phone`,`s_consume`,`s_introduce`,`s_picture`,`s_time`) values (1,'非尝食客',1,'非尝食客、铁板、木桶饭、酸辣粉','张焕杰','1008611',19.5,'众所周知，非尝食客无敌，你tm值得拥有','http://p.ananas.chaoxing.com/star3/origin/a04225ca497905bc3407e9f5665347bc.jpg?rw=500&rh=570&_fileSize=58787&_orientation=1',NULL),(2,'石磨肠粉',1,'石磨肠粉、肠粉、生滚粥','陈柳滨','13670457522',20.5,'众所周知，石磨肠粉无敌，你tm值得拥有','http://p.ananas.chaoxing.com/star3/origin/6086762c44e551fcee54910ac2cbee35.jpg?rw=534&rh=300&_fileSize=33030&_orientation=1',NULL),(3,'赛牛·炙烧牛排',1,'赛牛·炙烧牛排、牛排、养生汤、甜品','李煜焜','201810098083',65.5,'众所周知，赛牛·炙烧牛排无敌，你tm值得拥有','http://p.ananas.chaoxing.com/star3/origin/a2cc59c1ca4a8fec53279ba9a12a4d6c.jpg?rw=500&rh=296&_fileSize=25633&_orientation=1',NULL),(4,'沸羊羊',4,'沸羊羊、火锅','李海鑫','48364836',99.5,'众所周知，沸羊羊无敌，你tm值得拥有','http://p.ananas.chaoxing.com/star3/origin/49c8e9baaf77c0d034f188814513a361.jpg?rw=500&rh=303&_fileSize=34856&_orientation=1',NULL),(5,'蒸功夫',2,'蒸功夫、汤包、肉包、菜包、蒸饺','麦耀钟','2008611',35.5,'众所周知，蒸功夫无敌，你tm值得拥有','http://p.ananas.chaoxing.com/star3/origin/5c4268f7168e601ef3395ff4ee420acf.jpg?rw=800&rh=442&_fileSize=74922&_orientation=1',NULL),(6,'肯德基',2,'肯德基、汉堡、炸鸡、肉卷','麦耀钟','2008611',20.5,'众所周知，肯德基无敌，你tm值得拥有','http://p.ananas.chaoxing.com/star3/origin/4ca71add64c086f4cb00c817dad7d550.jpg?rw=470&rh=285&_fileSize=24326&_orientation=1',NULL),(8,'北国饭店',2,'北国饭店、煲仔、小吃、面食','麦耀钟','2008611',105.2,'众所周知，北国饭店无敌，你tm值得拥有','http://p.ananas.chaoxing.com/star3/origin/c9760dd368d0d2aed1c58d0c4767b558.jpg?rw=500&rh=375&_fileSize=34063&_orientation=1',NULL),(9,'海底捞',2,'海底捞、火锅','麦耀钟','2008611',250,'众所周知，海底捞无敌，你tm值得拥有','http://p.ananas.chaoxing.com/star3/origin/f459cc9b8231c81c94d2262d51fb6ad5.jpg?rw=500&rh=300&_fileSize=13814&_orientation=1',NULL),(10,'卢家妈妈',3,'卢家妈妈、比萨、饭食、意面、扒餐、小吃','陈书记','13670457522',125.4,'众所周知，卢家妈妈无敌，你tm值得拥有','http://p.ananas.chaoxing.com/star3/origin/4df86adaf508869166e3de0666ab3e53.jpg?rw=355&rh=220&_fileSize=20889&_orientation=1',NULL),(11,'胖姥姥',3,'胖姥姥、石锅、铁板、热菜','李煜焜','201810098083',65.9,'众所周知，胖姥姥无敌，你tm值得拥有','http://p.ananas.chaoxing.com/star3/origin/b360d1b6efe47fcc8998ba6016226852.jpg?rw=500&rh=343&_fileSize=14078&_orientation=1',NULL),(12,'龍老爹',3,'龙老爹、火锅','张焕杰','1008611',42.6,'众所周知，龙老爹无敌，你tm值得拥有','http://p.ananas.chaoxing.com/star3/origin/2ffbfdcf0939c8891f7c1c8e85215de8.jpg?rw=165&rh=123&_fileSize=8481&_orientation=1',NULL),(13,'上上谦',4,'上上谦、火锅','薛之谦','400823',9999,'众所周知，上上谦无敌，你tm值得拥有','http://p.ananas.chaoxing.com/star3/origin/936df98c293625b3e7c5510cbb63e2c7.jpg?rw=500&rh=333&_fileSize=19944&_orientation=1',NULL);

/*Table structure for table `user` */

DROP TABLE IF EXISTS `user`;

CREATE TABLE `user` (
  `id` int NOT NULL AUTO_INCREMENT,
  `username` varchar(50) DEFAULT NULL,
  `user_id` varchar(50) DEFAULT NULL,
  PRIMARY KEY (`id`)
) ENGINE=InnoDB AUTO_INCREMENT=19 DEFAULT CHARSET=utf8;

/*Data for the table `user` */

insert  into `user`(`id`,`username`,`user_id`) values (17,'小鱼','oViH_4yN8JbzXWh6aCbtG0TMGNsk'),(18,'微信用戶','oViH_47SNIoU3YSjb6AOoil-QGuc');

/*!40101 SET SQL_MODE=@OLD_SQL_MODE */;
/*!40014 SET FOREIGN_KEY_CHECKS=@OLD_FOREIGN_KEY_CHECKS */;
/*!40014 SET UNIQUE_CHECKS=@OLD_UNIQUE_CHECKS */;
/*!40111 SET SQL_NOTES=@OLD_SQL_NOTES */;
